gene,pos,dangerous_muts
NS3,36,A/C/G/I/L/M
NS3,41,R
NS3,43,I/L/S/V
NS3,54,A/C/G/S
NS3,55,A/I
NS3,56,H/L
NS3,80,H/K/L/Q/R
NS3,122,D/G/I/N/R/T
NS3,155,C/G/I/K/M/Q/S/T/W
NS3,156,F/G/S/T/V
NS3,158,I
NS3,168,A/C/E/F/G/H/I/K/L/N/R/T/V/Y
NS3,170,A/F/L/T/V
NS3,175,L
NS5A,24,A/G/H/N/R
NS5A,26,E
NS5A,28,A/G/I/L/M/S/T/V
NS5A,29,S
NS5A,30,C/D/E/G/H/I/K/L/P/Q/R/S/T/Y
NS5A,31,F/I/M/P/V
NS5A,32,F/L/S
NS5A,38,F
NS5A,58,A/D/L/N/P/R/S
NS5A,62,D
NS5A,92,K/T
NS5A,93,C/F/H/L/N/R/S/T/W
NS5B,159,F
NS5B,282,R/T
NS5B,314,H
NS5B,316,H/N/W/Y
NS5B,320,F/I/V
NS5B,321,A
NS5B,368,T
NS5B,411,S
NS5B,414,I/T/V
NS5B,445,F/Y
NS5B,446,K/Q
NS5B,448,C/H
NS5B,451,R
NS5B,553,T/V
NS5B,554,S
NS5B,555,H
NS5B,556,G/R
NS5B,557,R
NS5B,558,R
NS5B,559,G/N
NS5B,561,H/N
