aa_position,1a,1b,2,3,4,5,6
36,V36A/C/F/G/L/M,V36A/C/G/L/M,,,,,V36I
41,Q41R,Q41R,,Q41K,Q41R,,Q41K/R
43,F43I/L/S/V,F43I/S/V,F43V,,,,
54,T54A/S,T54A/C/G/S,,,,,
55,V55I,V55A,V55A/I,,,,
56,Y56H,Y56H/L/F,Y56H/F,Y56H,Y56H,,Y56H
80,Q80K/L/R,Q80H/K/L/R,,Q80K/R,Q80R,,L80K/Q
122,S122G/N/R,S122A/D/G/I/N/R/T,,,,,S122T
155,R155G/I/K/M/Q/S/T/V/W,R155C/G/I/K/L/Q/M/S/T/W,,R155K,R155C/K,R155K,
156,A156G/P/S/T/V,A156G/P/S/T/V,A156L/M/T/V,A156G/P/T/V,A156G/H/K/L/S/T/V,A156T/V,A156T/V
158,V158I,V158I,,,,,
166,,,,A166S/T/Y,,,
168,D168A/C/E/F/G/H/I/K/L/N/Q/R/T/V/Y,D168A/C/E/F/G/H/I/K/L/N/Q/T/V/Y,D168A/E/F/G/H/N/S/T/V/Y,Q168H/K/L/R,D168A/E/G/H/T/V,D168A/E/H/K/R/V/Y,D168A/E/G/H/V/Y
170,I/V170T/V,I/V170A/L/T,,,,,I170V
175,,M175L,,,,,
